sku,description,unit_of_measure,list_price
HB-375-200-Z,Hex Bolt 3/8-16 x 2 Zinc Cr+3,Box,42.50
HB-500-300-Z,Hex Bolt 1/2-13 x 3 Zinc Cr+3,Box,68.00
NUT-375-ZN,Hex Nut 3/8-16 Zinc,Pcs,0.18
WR-R1882-ZN,Flat Washer 3/8 Zinc,Pcs,0.06
BRG-6203-2RS,Ball Bearing 6203-2RS Sealed,Pcs,3.85
VLV-BV-075-BR,Ball Valve 3/4 Brass FIP,Ea,14.20
GLV-1042,Globe Valve 1 1/4 Bronze 125#,Ea,96.40
GLV-1062,Globe Valve 1 1/2 Bronze 150#,Ea,132.75
TYW-114-316,Ty-Wrap Cable Tie 11in 316SS,Pcs,0.42
SAF-GLV-C,Safety Glasses Clear Anti-Fog,Ea,2.10
